Id, Probabilidad
0, 102
1, 141
2, 263
3, 105
4, 92
5, 98
6, 81
7, 134
8, 53
9, 74
10, 84
11, 43
12, 101
13, 11
14, 48
15, 34
16, 74
17, 74
18, 29
19, 46
20, 11
21, 18
22, 52
23, 30
24, 29
25, 43
26, 40
27, 36
28, 25
29, 21
30, 48
31, 61
32, 36
33, 33
34, 101
35, 31
36, 9
37, 49
38, 61
39, 35
40, 19
41, 20
42, 16
43, 23
44, 51
45, 36
46, 69
47, 54
48, 27
49, 30
50, 39
51, 13
52, 21
53, 14
54, 32
55, 17
56, 43
57, 44
58, 26
59, 37
60, 22
61, 14
62, 8
63, 29
64, 31
65, 22
66, 26
67, 30
68, 26
69, 7
70, 30
71, 22
72, 7
73, 4
74, 61
75, 8
76, 32
77, 31
78, 11
79, 35
80, 22
81, 27
82, 23
83, 39
84, 22
85, 49
86, 11
87, 9
88, 20
89, 8
90, 15
91, 17
92, 14
93, 26
94, 19
95, 14
96, 17
97, 24
98, 17
99, 15
100, 33
101, 34
102, 19
103, 29
104, 8
105, 26
106, 17
107, 40
108, 22
109, 19
110, 21
111, 17
112, 23
113, 24
114, 17
115, 15
116, 15
117, 15
118, 19
119, 32
120, 19
121, 34
122, 10
123, 68
124, 30
125, 22
126, 25
127, 12
128, 11
129, 16
130, 37
131, 15
132, 8
133, 19
134, 22
135, 18
136, 9
137, 28
138, 22
139, 44
140, 27
141, 22
142, 17
143, 10
144, 40
145, 10
146, 18
147, 16
148, 23
149, 25
150, 17
151, 21
152, 12
153, 6
154, 7
155, 15
156, 8
157, 15
158, 25
159, 22
160, 21
161, 20
162, 6
163, 3
164, 9
165, 11
166, 34
167, 13
168, 22
169, 25
170, 6
171, 6
172, 15
173, 17
174, 11
175, 8
176, 6
177, 38
178, 15
179, 9
180, 9
181, 9
182, 26
183, 8
184, 18
185, 11
186, 22
187, 20
188, 32
189, 9
190, 19
191, 16
192, 8
193, 13
194, 29
195, 10
196, 4
197, 15
198, 12
199, 4
200, 8
201, 42
202, 18
203, 11
204, 18
205, 6
206, 22
207, 5
208, 6
209, 25
210, 14
211, 12
212, 7
213, 25
214, 25
215, 14
216, 9
217, 36
218, 17
219, 11
220, 10
221, 14
222, 10
223, 16
224, 36
225, 7
226, 11
227, 15
228, 10
229, 9
230, 8
231, 9
232, 36
233, 17
234, 18
235, 14
236, 16
237, 9
238, 8
239, 7
240, 14
241, 14
242, 9
243, 10
244, 7
245, 5
246, 11
247, 22
248, 23
249, 26
250, 3
251, 5
252, 17
253, 6
254, 8
255, 11
256, 13
257, 6
258, 9
259, 7
260, 16
261, 16
262, 10
263, 7
264, 9
265, 18
266, 32
267, 6
268, 12
269, 4
270, 7
271, 20
272, 11
273, 5
274, 17
275, 8
276, 23
277, 38
278, 23
279, 8
280, 26
281, 5
282, 9
283, 14
284, 17
285, 25
286, 16
287, 11
288, 6
289, 15
290, 14
291, 5
292, 5
293, 16
294, 21
295, 9
296, 21
297, 23
298, 23
299, 12
300, 13
301, 27
302, 18
303, 11
304, 31
305, 10
306, 5
307, 7
308, 16
309, 6
310, 4
311, 13
312, 13
313, 8
314, 6
315, 31
316, 14
317, 8
318, 11
319, 14
320, 7
321, 17
322, 10
323, 12
324, 7
325, 14
326, 21
327, 8
328, 17
329, 5
330, 11
331, 10
332, 9
333, 6
334, 6
335, 10
336, 12
337, 14
338, 18
339, 6
340, 5
341, 13
342, 20
343, 20
344, 11
345, 11
346, 4
347, 11
348, 15
349, 13
350, 37
351, 10
352, 13
353, 13
354, 22
355, 5
356, 8
357, 3
358, 8
359, 5
360, 12
361, 6
362, 5
363, 14
364, 12
365, 12
366, 14
367, 24
368, 14
369, 22
370, 13
371, 3
372, 16
373, 4
374, 16
375, 14
376, 12
377, 23
378, 17
379, 23
380, 21
381, 16
382, 10
383, 8
384, 12
385, 10
386, 4
387, 10
388, 16
389, 17
390, 7
391, 8
392, 5
393, 30
394, 7
395, 10
396, 11
397, 12
398, 6
399, 3
400, 4
401, 8
402, 17
403, 14
404, 8
405, 4
406, 12
407, 8
408, 6
409, 10
410, 9
411, 8
412, 18
413, 8
414, 10
415, 15
416, 7
417, 13
418, 9
419, 6
420, 7
421, 11
422, 24
423, 6
424, 3
425, 6
426, 6
427, 8
428, 7
429, 11
430, 17
431, 12
432, 13
433, 16
434, 11
435, 11
436, 8
437, 8
438, 12
439, 30
440, 6
441, 10
442, 9
443, 9
444, 6
445, 12
446, 5
447, 12
448, 7
449, 12
450, 13
451, 17
452, 20
453, 14
454, 15
455, 18
456, 11
457, 10
458, 11
459, 10
460, 6
461, 13
462, 7
463, 4
464, 18
465, 5
466, 7
467, 4
468, 4
469, 5
470, 9
471, 16
472, 8
473, 14
474, 13
475, 5
476, 6
477, 5
478, 13
479, 10
480, 8
481, 8
482, 13
483, 4
484, 7
485, 10
486, 6
487, 10
488, 14
489, 7
490, 9
491, 13
492, 17
493, 12
494, 5
495, 21
496, 19
497, 3
498, 6
499, 10
500, 11
501, 9
502, 10
503, 9
504, 11
505, 6
506, 14
507, 6
508, 14
509, 7
510, 14
511, 6
512, 8
513, 9
514, 14
515, 13
516, 13
517, 8
518, 11
519, 11
520, 8
521, 9
522, 6
523, 9
524, 9
525, 5
526, 4
527, 14
528, 21
529, 8
530, 14
531, 8
532, 14
533, 6
534, 3
535, 6
536, 8
537, 9
538, 6
539, 5
540, 8
541, 19
542, 7
543, 11
544, 18
545, 18
546, 10
547, 6
548, 7
549, 20
550, 8
551, 13
552, 12
553, 6
554, 8
555, 11
556, 10
557, 6
558, 7
559, 14
560, 3
561, 6
562, 4
563, 5
564, 7
565, 8
566, 4
567, 13
568, 4
569, 7
570, 6
571, 8
572, 9
573, 17
574, 20
575, 4
576, 14
577, 3
578, 8
579, 5
580, 10
581, 5
582, 3
583, 8
584, 9
585, 19
586, 8
587, 12
588, 11
589, 7
590, 7
591, 5
592, 18
593, 16
594, 9
595, 8
596, 8
597, 4
598, 12
599, 15
600, 13
601, 6
602, 9
603, 7
604, 10
605, 22
606, 9
607, 7
608, 6
609, 4
610, 7
611, 7
612, 7
613, 5
614, 10
615, 3
616, 16
617, 7
618, 15
619, 9
620, 9
621, 7
622, 11
623, 10
624, 9
625, 6
626, 4
627, 11
628, 12
629, 5
630, 5
631, 9
632, 7
633, 9
634, 11
635, 3
636, 22
637, 5
638, 11
639, 6
640, 5
641, 14
642, 4
643, 4
644, 5
645, 7
646, 12
647, 22
648, 5
649, 13
650, 5
651, 12
652, 12
653, 6
654, 5
655, 8
656, 4
657, 8
658, 14
659, 10
660, 18
661, 9
662, 3
663, 7
664, 9
665, 8
666, 9
667, 12
668, 9
669, 13
670, 11
671, 15
672, 7
673, 7
674, 10
675, 6
676, 13
677, 4
678, 12
679, 5
680, 9
681, 8
682, 8
683, 15
684, 9
685, 9
686, 5
687, 3
688, 8
689, 10
690, 12
691, 6
692, 9
693, 4
694, 9
695, 13
696, 7
697, 11
698, 8
699, 3
700, 6
701, 14
702, 3
703, 4
704, 7
705, 8
706, 9
707, 6
708, 4
709, 5
710, 6
711, 10
712, 6
713, 9
714, 6
715, 5
716, 7
717, 13
718, 6
719, 9
720, 4
721, 14
722, 9
723, 15
724, 16
725, 5
726, 11
727, 12
728, 7
729, 11
730, 13
731, 6
732, 6
733, 13
734, 7
735, 4
736, 12
737, 11
738, 3
739, 4
740, 7
741, 8
742, 7
743, 4
744, 3
745, 4
746, 6
747, 15
748, 10
749, 11
750, 5
751, 3
752, 13
753, 8
754, 5
755, 9
756, 10
757, 16
758, 3
759, 13
760, 11
761, 8
762, 9
763, 32
764, 4
765, 11
766, 9
767, 13
768, 14
769, 6
770, 8
771, 14
772, 5
773, 4
774, 8
775, 9
776, 7
777, 3
778, 9
779, 10
780, 11
781, 5
782, 10
783, 4
784, 7
785, 9
786, 8
787, 8
788, 5
789, 6
790, 11
791, 4
792, 9
793, 8
794, 6
795, 7
796, 9
797, 9
798, 4
799, 4
800, 7
801, 8
802, 8
803, 7
804, 7
805, 7
806, 8
807, 4
808, 13
809, 5
810, 8
811, 9
812, 7
813, 5
814, 16
815, 11
816, 4
817, 6
818, 7
819, 10
820, 10
821, 9
822, 12
823, 10
824, 7
825, 10
826, 11
827, 8
828, 11
829, 4
830, 14
831, 8
832, 5
833, 3
834, 7
835, 5
836, 9
837, 8
838, 5
839, 4
840, 4
841, 7
842, 5
843, 9
844, 6
845, 8
846, 11
847, 9
848, 9
849, 5
850, 8
851, 6
852, 6
853, 7
854, 8
855, 7
856, 5
857, 4
858, 10
859, 5
860, 6
861, 6
862, 4
863, 6
864, 5
865, 5
866, 15
867, 3
868, 13
869, 4
870, 17
871, 5
872, 3
873, 7
874, 5
875, 8
876, 11
877, 4
878, 3
879, 5
880, 5
881, 6
882, 5
883, 3
884, 6
885, 3
886, 9
887, 9
888, 7
889, 7
890, 5
891, 6
892, 5
893, 5
894, 6
895, 11
896, 5
897, 11
898, 5
899, 8
900, 8
901, 6
902, 3
903, 7
904, 5
905, 5
906, 4
907, 6
908, 5
909, 9
910, 13
911, 10
912, 7
913, 9
914, 6
915, 6
916, 5
917, 4
918, 5
919, 3
920, 6
921, 6
922, 9
923, 14
924, 6
925, 9
926, 3
927, 3
928, 7
929, 5
930, 5
931, 4
932, 22
933, 10
934, 4
935, 4
936, 9
937, 9
938, 5
939, 4
940, 6
941, 9
942, 3
943, 8
944, 9
945, 6
946, 4
947, 7
948, 6
949, 6
950, 7
951, 10
952, 7
953, 15
954, 8
955, 6
956, 9
957, 4
958, 11
959, 9
960, 4
961, 5
962, 6
963, 6
964, 5
965, 8
966, 7
967, 9
968, 8
969, 4
970, 14
971, 7
972, 6
973, 5
974, 5
975, 5
976, 5
977, 4
978, 4
979, 9
980, 5
981, 4
982, 3
983, 5
984, 5
985, 4
986, 6
987, 5
988, 9
989, 4
990, 15
991, 6
992, 5
993, 9
994, 6
995, 6
996, 6
997, 4
998, 5
999, 12
1000, 6
1001, 7
1002, 6
1003, 3
1004, 3
1005, 4
1006, 7
1007, 7
1008, 7
1009, 7
1010, 13
1011, 4
1012, 4
1013, 6
1014, 6
1015, 6
1016, 4
1017, 4
1018, 10
1019, 4
1020, 3
1021, 6
1022, 5
1023, 9
1024, 4
1025, 9
1026, 4
1027, 4
1028, 6
1029, 6
1030, 8
1031, 7
1032, 9
1033, 7
1034, 3
1035, 4
1036, 3
1037, 5
1038, 6
1039, 12
1040, 5
1041, 8
1042, 8
1043, 5
1044, 8
1045, 3
1046, 3
1047, 3
1048, 8
1049, 4
1050, 8
1051, 3
1052, 12
1053, 4
1054, 8
1055, 5
1056, 14
1057, 8
1058, 6
1059, 8
1060, 5
1061, 6
1062, 4
1063, 4
1064, 6
1065, 3
1066, 5
1067, 9
1068, 9
1069, 12
1070, 3
1071, 3
1072, 10
1073, 6
1074, 9
1075, 3
1076, 8
1077, 12
1078, 3
1079, 7
1080, 6
1081, 5
1082, 7
1083, 7
1084, 5
1085, 8
1086, 5
1087, 6
1088, 6
1089, 4
1090, 6
1091, 9
1092, 3
1093, 5
1094, 3
1095, 10
1096, 10
1097, 3
1098, 10
1099, 3
1100, 5
1101, 4
1102, 5
1103, 3
1104, 5
1105, 7
1106, 6
1107, 6
1108, 4
1109, 7
1110, 5
1111, 6
1112, 6
1113, 6
1114, 9
1115, 3
1116, 11
1117, 10
1118, 11
1119, 4
1120, 6
1121, 4
1122, 5
1123, 5
1124, 4
1125, 9
1126, 9
1127, 6
1128, 7
1129, 7
1130, 3
1131, 10
1132, 7
1133, 9
1134, 5
1135, 8
1136, 8
1137, 7
1138, 5
1139, 5
1140, 3
1141, 3
1142, 5
1143, 3
1144, 5
1145, 3
1146, 3
1147, 5
1148, 6
1149, 9
1150, 7
1151, 3
1152, 5
1153, 8
1154, 9
1155, 5
1156, 6
1157, 11
1158, 5
1159, 6
1160, 5
1161, 4
1162, 3
1163, 3
1164, 4
1165, 7
1166, 11
1167, 12
1168, 4
1169, 5
1170, 8
1171, 7
1172, 4
1173, 5
1174, 3
1175, 8
1176, 5
1177, 7
1178, 8
1179, 6
1180, 9
1181, 9
1182, 3
1183, 8
1184, 9
1185, 5
1186, 3
1187, 5
1188, 9
1189, 5
1190, 13
1191, 7
1192, 7
1193, 6
1194, 4
1195, 3
1196, 4
1197, 5
1198, 5
1199, 7
1200, 4
1201, 6
1202, 3
1203, 3
1204, 12
1205, 7
1206, 9
1207, 7
1208, 6
1209, 5
1210, 8
1211, 11
1212, 5
1213, 9
1214, 5
1215, 6
1216, 4
1217, 6
1218, 7
1219, 10
1220, 5
1221, 9
1222, 5
1223, 4
1224, 7
1225, 8
1226, 8
1227, 5
1228, 5
1229, 8
1230, 3
1231, 10
1232, 5
1233, 4
1234, 8
1235, 4
1236, 5
1237, 15
1238, 5
1239, 3
1240, 3
1241, 10
1242, 8
1243, 3
1244, 4
1245, 7
1246, 11
1247, 4
1248, 4
1249, 6
1250, 10
1251, 6
1252, 4
1253, 4
1254, 8
1255, 8
1256, 4
1257, 11
1258, 4
1259, 6
1260, 4
1261, 6
1262, 9
1263, 5
1264, 9
1265, 5
1266, 5
1267, 6
1268, 4
1269, 11
1270, 9
1271, 4
1272, 13
1273, 7
1274, 3
1275, 5
1276, 8
1277, 7
1278, 4
1279, 4
1280, 9
1281, 5
1282, 4
1283, 4
1284, 4
1285, 12
1286, 10
1287, 3
1288, 8
1289, 6
1290, 5
1291, 3
1292, 4
1293, 6
1294, 4
1295, 4
1296, 4
1297, 9
1298, 6
1299, 7
1300, 4
1301, 3
1302, 5
1303, 5
1304, 5
1305, 5
1306, 4
1307, 3
1308, 8
1309, 8
1310, 7
1311, 13
1312, 5
1313, 5
1314, 4
1315, 3
1316, 6
1317, 5
1318, 9
1319, 7
1320, 3
1321, 10
1322, 6
1323, 5
1324, 4
1325, 3
1326, 5
1327, 6
1328, 3
1329, 7
1330, 5
1331, 8
1332, 6
1333, 7
1334, 6
1335, 5
1336, 4
1337, 5
1338, 5
1339, 5
1340, 9
1341, 3
1342, 3
1343, 4
1344, 3
1345, 4
1346, 4
1347, 4
1348, 10
1349, 5
1350, 5
1351, 6
1352, 6
1353, 9
1354, 4
1355, 5
1356, 4
1357, 4
1358, 6
1359, 6
1360, 5
1361, 7
1362, 6
1363, 6
1364, 3
1365, 9
1366, 7
1367, 5
1368, 4
1369, 9
1370, 3
1371, 13
1372, 3
1373, 4
1374, 5
1375, 9
1376, 5
1377, 8
1378, 5
1379, 5
1380, 8
1381, 10
1382, 4
1383, 7
1384, 3
1385, 4
1386, 3
1387, 3
1388, 3
1389, 7
1390, 7
1391, 3
1392, 4
1393, 5
1394, 5
1395, 4
1396, 7
1397, 4
1398, 3
1399, 9
1400, 3
1401, 6
1402, 8
1403, 5
1404, 6
1405, 3
1406, 4
1407, 6
1408, 3
1409, 6
1410, 4
1411, 4
1412, 4
1413, 5
1414, 8
1415, 6
1416, 4
1417, 10
1418, 3
1419, 6
1420, 4
1421, 3
1422, 5
1423, 5
1424, 4
1425, 3
1426, 3
1427, 6
1428, 6
1429, 3
1430, 7
1431, 4
1432, 4
1433, 10
1434, 6
1435, 4
1436, 3
1437, 5
1438, 4
1439, 5
1440, 4
1441, 9
1442, 6
1443, 4
1444, 4
1445, 3
1446, 10
1447, 4
1448, 8
1449, 11
1450, 6
1451, 10
1452, 4
1453, 6
1454, 11
1455, 5
1456, 6
1457, 6
1458, 7
1459, 7
1460, 5
1461, 3
1462, 5
1463, 5
1464, 3
1465, 6
1466, 3
1467, 3
1468, 7
1469, 5
1470, 8
1471, 5
1472, 6
1473, 8
1474, 4
1475, 4
1476, 5
1477, 5
1478, 5
1479, 6
1480, 5
1481, 5
1482, 4
1483, 7
1484, 7
1485, 4
1486, 4
1487, 7
1488, 8
1489, 3
1490, 11
1491, 6
1492, 4
1493, 9
1494, 4
1495, 4
1496, 9
1497, 6
1498, 9
1499, 5
1500, 5
1501, 4
1502, 3
1503, 7
1504, 5
1505, 6
1506, 4
1507, 5
1508, 5
1509, 6
1510, 5
1511, 4
1512, 4
1513, 5
1514, 3
1515, 4
1516, 6
1517, 5
1518, 3
1519, 5
1520, 3
1521, 4
1522, 4
1523, 4
1524, 6
1525, 5
1526, 7
1527, 6
1528, 3
1529, 3
1530, 5
1531, 3
1532, 4
1533, 8
1534, 3
1535, 6
1536, 4
1537, 12
1538, 8
1539, 5
1540, 7
1541, 5
1542, 8
1543, 7
1544, 3
1545, 6
1546, 6
1547, 4
1548, 5
1549, 6
1550, 4
1551, 3
1552, 8
1553, 8
1554, 8
1555, 7
1556, 6
1557, 6
1558, 3
1559, 4
1560, 10
1561, 5
1562, 4
1563, 5
1564, 6
1565, 5
1566, 4
1567, 4
1568, 5
1569, 3
1570, 3
1571, 5
1572, 4
1573, 4
1574, 3
1575, 6
1576, 12
1577, 4
1578, 5
1579, 5
1580, 4
1581, 6
1582, 8
1583, 4
1584, 4
1585, 4
1586, 7
1587, 6
1588, 6
1589, 10
1590, 5
1591, 6
1592, 4
1593, 4
1594, 5
1595, 3
1596, 4
1597, 4
1598, 7
1599, 6
1600, 5
1601, 4
1602, 4
1603, 6
1604, 5
1605, 3
1606, 6
1607, 3
1608, 5
1609, 3
1610, 3
1611, 4
1612, 4
1613, 7
1614, 7
1615, 13
1616, 5
1617, 7
1618, 4
1619, 10
1620, 6
1621, 5
1622, 5
1623, 3
1624, 5
1625, 16
1626, 5
1627, 5
1628, 6
1629, 3
1630, 7
1631, 3
1632, 4
1633, 4
1634, 3
1635, 4
1636, 7
1637, 8
1638, 3
1639, 4
1640, 6
1641, 3
1642, 5
1643, 6
1644, 4
1645, 3
1646, 5
1647, 3
1648, 3
1649, 6
1650, 10
1651, 7
1652, 3
1653, 6
1654, 8
1655, 6
1656, 8
1657, 5
1658, 7
1659, 4
1660, 3
1661, 6
1662, 3
1663, 6
1664, 4
1665, 10
1666, 6
1667, 5
1668, 5
1669, 3
1670, 9
1671, 3
1672, 5
1673, 4
1674, 5
1675, 4
1676, 6
1677, 4
1678, 5
1679, 6
1680, 8
1681, 4
1682, 5
1683, 3
1684, 6
1685, 4
1686, 4
1687, 5
1688, 3
1689, 3
1690, 4
1691, 6
1692, 4
1693, 6
1694, 5
1695, 6
1696, 6
1697, 8
1698, 10
1699, 4
1700, 5
1701, 5
1702, 3
1703, 4
1704, 7
1705, 4
1706, 6
1707, 5
1708, 5
1709, 3
1710, 4
1711, 5
1712, 3
1713, 3
1714, 3
1715, 3
1716, 5
1717, 6
1718, 3
1719, 4
1720, 3
1721, 6
1722, 6
1723, 4
1724, 3
1725, 5
1726, 6
1727, 6
1728, 3
1729, 3
1730, 4
1731, 12
1732, 6
1733, 5
1734, 5
1735, 7
1736, 7
1737, 3
1738, 3
1739, 3
1740, 5
1741, 5
1742, 4
1743, 3
1744, 6
1745, 3
1746, 6
1747, 4
1748, 6
1749, 6
1750, 7
1751, 5
1752, 5
1753, 5
1754, 5
1755, 6
1756, 9
1757, 7
1758, 4
1759, 6
1760, 3
1761, 6
1762, 7
1763, 7
1764, 5
1765, 9
1766, 4
1767, 5
1768, 5
1769, 5
1770, 4
1771, 5
1772, 5
1773, 3
1774, 3
1775, 4
1776, 3
1777, 5
1778, 5
1779, 5
1780, 3
1781, 7
1782, 4
1783, 5
1784, 4
1785, 5
1786, 5
1787, 4
1788, 4
1789, 5
1790, 4
1791, 6
1792, 4
1793, 4
1794, 3
1795, 3
1796, 4
1797, 10
1798, 7
1799, 5
1800, 5
1801, 3
1802, 3
1803, 4
1804, 5
1805, 12
1806, 5
1807, 5
1808, 3
1809, 3
1810, 10
1811, 6
1812, 6
1813, 7
1814, 9
1815, 5
1816, 4
1817, 5
1818, 4
1819, 5
1820, 3
1821, 13
1822, 5
1823, 4
1824, 7
1825, 7
1826, 5
1827, 6
1828, 4
1829, 4
1830, 6
1831, 4
1832, 3
1833, 6
1834, 10
1835, 4
1836, 12
1837, 5
1838, 7
1839, 8
1840, 4
1841, 8
1842, 3
1843, 4
1844, 3
1845, 6
1846, 6
1847, 5
1848, 3
1849, 5
1850, 4
1851, 6
1852, 3
1853, 5
1854, 6
1855, 5
1856, 3
1857, 4
1858, 4
1859, 3
1860, 7
1861, 5
1862, 6
1863, 3
1864, 4
1865, 3
1866, 9
1867, 5
1868, 5
1869, 7
1870, 6
1871, 3
1872, 7
1873, 6
1874, 4
1875, 3
1876, 4
1877, 4
1878, 5
1879, 4
1880, 3
1881, 5
1882, 4
1883, 4
1884, 6
1885, 6
1886, 5
1887, 3
1888, 3
1889, 3
1890, 5
1891, 5
1892, 5
1893, 6
1894, 3
1895, 4
1896, 6
1897, 4
1898, 4
1899, 4
1900, 5
1901, 4
1902, 3
1903, 3
1904, 4
1905, 8
1906, 3
1907, 7
1908, 6
1909, 4
1910, 4
1911, 5
1912, 4
1913, 4
1914, 4
1915, 3
1916, 4
1917, 7
1918, 4
1919, 5
1920, 5
1921, 8
1922, 3
1923, 4
1924, 3
1925, 4
1926, 10
1927, 5
1928, 5
1929, 5
1930, 5
1931, 3
1932, 3
1933, 5
1934, 3
1935, 5
1936, 8
1937, 3
1938, 3
1939, 5
1940, 6
1941, 5
1942, 5
1943, 5
1944, 3
1945, 3
1946, 4
1947, 6
1948, 4
1949, 4
1950, 6
1951, 3
1952, 3
1953, 3
1954, 6
1955, 4
1956, 6
1957, 4
1958, 6
1959, 5
1960, 4
1961, 3
1962, 3
1963, 5
1964, 5
1965, 7
1966, 5
1967, 3
1968, 4
1969, 6
1970, 3
1971, 7
1972, 7
1973, 3
1974, 5
1975, 4
1976, 3
1977, 8
1978, 5
1979, 5
1980, 8
1981, 8
1982, 5
1983, 8
1984, 7
1985, 4
1986, 5
1987, 4
1988, 6
1989, 4
1990, 6
1991, 3
1992, 3
1993, 3
1994, 7
1995, 4
1996, 3
1997, 7
1998, 4
1999, 6
2000, 5
2001, 6
2002, 4
2003, 10
2004, 3
2005, 5
2006, 6
2007, 5
2008, 4
2009, 4
2010, 5
2011, 4
2012, 5
2013, 4
2014, 5
2015, 3
2016, 4
2017, 4
2018, 6
2019, 4
2020, 4
2021, 5
2022, 4
2023, 4
2024, 3
2025, 4
2026, 5
2027, 7
2028, 6
2029, 5
2030, 5
2031, 3
2032, 6
2033, 3
2034, 3
2035, 5
2036, 7
2037, 6
2038, 8
2039, 5
2040, 6
2041, 4
2042, 5
2043, 7
2044, 6
2045, 3
2046, 3
2047, 4
2048, 3
2049, 6
2050, 6
2051, 5
2052, 3
2053, 4
2054, 7
2055, 6
2056, 4
2057, 4
2058, 5
2059, 6
2060, 5
2061, 3
2062, 3
2063, 9
2064, 5
2065, 10
2066, 7
2067, 7
2068, 5
2069, 5
2070, 4
2071, 4
2072, 5
2073, 5
2074, 4
2075, 4
2076, 6
2077, 5
2078, 4
2079, 9
2080, 5
2081, 3
2082, 4
2083, 3
2084, 3
2085, 4
2086, 4
2087, 4
2088, 5
2089, 5
2090, 4
2091, 4
2092, 5
2093, 4
2094, 4
2095, 5
2096, 4
2097, 4
2098, 4
2099, 4
2100, 3
2101, 3
2102, 5
2103, 8
2104, 3
2105, 4
2106, 5
2107, 4
2108, 8
2109, 6
2110, 4
2111, 6
2112, 3
2113, 6
2114, 3
2115, 6
2116, 3
2117, 3
2118, 5
2119, 8
2120, 8
2121, 5
2122, 3
2123, 3
2124, 5
2125, 3
2126, 4
2127, 6
2128, 3
2129, 3
2130, 9
2131, 4
2132, 3
2133, 7
2134, 5
2135, 3
2136, 3
2137, 5
2138, 3
2139, 7
2140, 4
2141, 7
2142, 4
2143, 3
2144, 4
2145, 6
2146, 3
2147, 3
2148, 7
2149, 7
2150, 5
2151, 4
2152, 6
2153, 3
2154, 8
2155, 4
2156, 3
2157, 4
2158, 5
2159, 6
2160, 5
2161, 5
2162, 6
2163, 6
2164, 5
2165, 4
2166, 3
2167, 3
2168, 3
2169, 7
2170, 3
2171, 3
2172, 4
2173, 5
2174, 8
2175, 4
2176, 5
2177, 6
2178, 4
2179, 3
2180, 4
2181, 4
2182, 5
2183, 5
2184, 3
2185, 4
2186, 6
2187, 3
2188, 4
2189, 4
2190, 4
2191, 3
2192, 3
2193, 3
2194, 3
2195, 3
2196, 4
2197, 5
2198, 4
2199, 5
2200, 3
2201, 7
2202, 4
2203, 7
2204, 3
2205, 3
2206, 4
2207, 3
2208, 3
2209, 3
2210, 4
2211, 3
2212, 4
2213, 7
2214, 4
2215, 4
2216, 3
2217, 6
2218, 5
2219, 4
2220, 7
2221, 5
2222, 7
2223, 5
2224, 5
2225, 6
2226, 3
2227, 4
2228, 3
2229, 8
2230, 4
2231, 3
2232, 4
2233, 4
2234, 4
2235, 5
2236, 9
2237, 3
2238, 4
2239, 3
2240, 3
2241, 3
2242, 4
2243, 5
2244, 4
2245, 11
2246, 3
2247, 6
2248, 3
2249, 8
2250, 4
2251, 6
2252, 3
2253, 3
2254, 5
2255, 5
2256, 7
2257, 4
2258, 6
2259, 6
2260, 3
2261, 4
2262, 4
2263, 3
2264, 6
2265, 6
2266, 4
2267, 4
2268, 3
2269, 4
2270, 3
2271, 4
2272, 4
2273, 3
2274, 3
2275, 6
2276, 3
2277, 4
2278, 3
2279, 7
2280, 4
2281, 3
2282, 4
2283, 7
2284, 3
2285, 3
2286, 3
2287, 4
2288, 5
2289, 3
2290, 3
2291, 5
2292, 3
2293, 5
2294, 5
2295, 8
2296, 4
2297, 5
2298, 5
2299, 3
2300, 3
2301, 5
2302, 4
2303, 4
2304, 7
2305, 6
2306, 4
2307, 4
2308, 3
2309, 5
2310, 6
2311, 3
2312, 5
2313, 5
2314, 3
2315, 6
2316, 4
2317, 3
2318, 4
2319, 3
2320, 3
2321, 3
2322, 4
2323, 3
2324, 6
2325, 4
2326, 6
2327, 4
2328, 4
2329, 4
2330, 3
2331, 3
2332, 9
2333, 8
2334, 3
2335, 4
2336, 4
2337, 3
2338, 4
2339, 4
2340, 5
2341, 3
2342, 6
2343, 4
2344, 6
2345, 3
2346, 6
2347, 6
2348, 3
2349, 4
2350, 6
2351, 5
2352, 4
2353, 9
2354, 4
2355, 4
2356, 5
2357, 4
2358, 6
2359, 4
2360, 4
2361, 4
2362, 4
2363, 7
2364, 4
2365, 3
2366, 4
2367, 4
2368, 4
2369, 4
2370, 4
2371, 4
2372, 4
2373, 3
2374, 5
2375, 3
2376, 5
2377, 5
2378, 5
2379, 4
2380, 3
2381, 3
2382, 5
2383, 3
2384, 3
2385, 4
2386, 4
2387, 6
2388, 5
2389, 3
2390, 3
2391, 5
2392, 7
2393, 7
2394, 3
2395, 5
2396, 5
2397, 8
2398, 4
2399, 4
2400, 6
2401, 3
2402, 3
2403, 4
2404, 6
2405, 3
2406, 4
2407, 3
2408, 7
2409, 7
2410, 6
2411, 5
2412, 3
2413, 5
2414, 5
2415, 3
2416, 4
2417, 3
2418, 6
2419, 3
2420, 5
2421, 6
2422, 4
2423, 4
2424, 4
2425, 4
2426, 3
2427, 3
2428, 4
2429, 4
2430, 5
2431, 10
2432, 3
2433, 7
2434, 4
2435, 3
2436, 4
2437, 3
2438, 6
2439, 3
2440, 4
2441, 3
2442, 4
2443, 3
2444, 3
2445, 3
2446, 3
2447, 4
2448, 4
2449, 3
2450, 4
2451, 4
2452, 3
2453, 3
2454, 6
2455, 3
2456, 3
2457, 4
2458, 5
2459, 4
2460, 5
2461, 6
2462, 5
2463, 3
2464, 5
2465, 4
2466, 5
2467, 3
2468, 5
2469, 8
2470, 4
2471, 4
2472, 3
2473, 6
2474, 3
2475, 5
2476, 7
2477, 5
2478, 3
2479, 5
2480, 3
2481, 3
2482, 3
2483, 4
2484, 4
2485, 4
2486, 3
2487, 5
2488, 5
2489, 5
2490, 3
2491, 3
2492, 3
2493, 7
2494, 3
2495, 3
2496, 3
2497, 9
2498, 3
2499, 3
2500, 3
2501, 3
2502, 3
2503, 3
2504, 6
2505, 4
2506, 4
2507, 4
2508, 4
2509, 3
2510, 5
2511, 7
2512, 3
2513, 4
2514, 4
2515, 3
2516, 3
2517, 3
2518, 3
2519, 3
2520, 5
2521, 4
2522, 4
2523, 4
2524, 3
2525, 6
2526, 5
2527, 5
2528, 4
2529, 6
2530, 5
2531, 5
2532, 3
2533, 5
2534, 3
2535, 3
2536, 3
2537, 4
2538, 4
2539, 4
2540, 3
2541, 5
2542, 4
2543, 4
2544, 3
2545, 8
2546, 4
2547, 3
2548, 6
2549, 4
2550, 4
2551, 6
2552, 4
2553, 3
2554, 3
2555, 7
2556, 4
2557, 4
2558, 5
2559, 3
2560, 4
2561, 3
2562, 8
2563, 5
2564, 5
2565, 5
2566, 4
2567, 8
2568, 5
2569, 7
2570, 4
2571, 5
2572, 4
2573, 6
2574, 4
2575, 5
2576, 6
2577, 3
2578, 5
2579, 3
2580, 5
2581, 4
2582, 4
2583, 6
2584, 3
2585, 4
2586, 4
2587, 3
2588, 3
2589, 4
2590, 4
2591, 4
2592, 3
2593, 5
2594, 5
2595, 4
2596, 4
2597, 6
2598, 4
2599, 3
2600, 4
2601, 4
2602, 4
2603, 3
2604, 6
2605, 4
2606, 4
2607, 4
2608, 12
2609, 3
2610, 3
2611, 4
2612, 3
2613, 4
2614, 3
2615, 3
2616, 4
2617, 3
2618, 3
2619, 5
2620, 4
2621, 3
2622, 3
2623, 3
2624, 4
2625, 3
2626, 3
2627, 4
2628, 4
2629, 3
2630, 3
2631, 3
2632, 8
2633, 3
2634, 4
2635, 5
2636, 4
2637, 5
2638, 6
2639, 3
2640, 4
2641, 6
2642, 4
2643, 5
2644, 6
2645, 5
2646, 4
2647, 3
2648, 4
2649, 3
2650, 3
2651, 3
2652, 3
2653, 3
2654, 3
2655, 4
2656, 3
2657, 3
2658, 3
2659, 4
2660, 4
2661, 3
2662, 5
2663, 5
2664, 3
2665, 3
2666, 3
2667, 3
2668, 5
2669, 4
2670, 4
2671, 4
2672, 4
2673, 3
2674, 3
2675, 3
2676, 4
2677, 6
2678, 3
2679, 5
2680, 5
2681, 3
2682, 4
2683, 3
2684, 5
2685, 5
2686, 5
2687, 7
2688, 3
2689, 3
2690, 3
2691, 3
2692, 5
2693, 6
2694, 3
2695, 3
2696, 3
2697, 5
2698, 5
2699, 3
2700, 3
2701, 3
2702, 3
2703, 4
2704, 4
2705, 3
2706, 4
2707, 3
2708, 4
2709, 5
2710, 4
2711, 6
2712, 4
2713, 4
2714, 3
2715, 3
2716, 3
2717, 4
2718, 4
2719, 4
2720, 4
2721, 4
2722, 4
2723, 3
2724, 3
2725, 3
2726, 3
2727, 3
2728, 4
2729, 5
2730, 4
2731, 3
2732, 3
2733, 5
2734, 6
2735, 3
2736, 3
2737, 6
2738, 4
2739, 9
2740, 5
2741, 5
2742, 5
2743, 3
2744, 3
2745, 4
2746, 4
2747, 4
2748, 4
2749, 3
2750, 3
2751, 3
2752, 3
2753, 4
2754, 3
2755, 4
2756, 3
2757, 4
2758, 3
2759, 3
2760, 4
2761, 5
2762, 3
2763, 3
2764, 4
2765, 3
2766, 4
2767, 4
2768, 4
2769, 3
2770, 4
2771, 3
2772, 6
2773, 4
2774, 5
2775, 3
2776, 3
2777, 4
2778, 5
2779, 3
2780, 5
2781, 4
2782, 3
2783, 3
2784, 3
2785, 5
2786, 5
2787, 6
2788, 3
2789, 4
2790, 4
2791, 4
2792, 4
2793, 3
2794, 5
2795, 4
2796, 3
2797, 3
2798, 6
2799, 4
2800, 3
2801, 3
2802, 3
2803, 3
2804, 3
2805, 5
2806, 5
2807, 4
2808, 5
2809, 3
2810, 3
2811, 4
2812, 6
2813, 4
2814, 4
2815, 4
2816, 4
2817, 4
2818, 5
2819, 3
2820, 5
2821, 4
2822, 5
2823, 3
2824, 4
2825, 3
2826, 3
2827, 6
2828, 4
2829, 3
2830, 3
2831, 3
2832, 3
2833, 5
2834, 3
2835, 5
2836, 7
2837, 6
2838, 3
2839, 7
2840, 4
2841, 3
2842, 5
2843, 4
2844, 4
2845, 3
2846, 4
2847, 4
2848, 8
2849, 3
2850, 11
2851, 3
2852, 5
2853, 4
2854, 3
2855, 3
2856, 4
2857, 7
2858, 3
2859, 3
2860, 7
2861, 3
2862, 5
2863, 5
2864, 4
2865, 3
2866, 4
2867, 4
2868, 4
2869, 3
2870, 3
2871, 4
2872, 4
2873, 3
2874, 7
2875, 3
2876, 3
2877, 3
2878, 3
2879, 5
2880, 5
2881, 4
2882, 6
2883, 3
2884, 3
2885, 3
2886, 4
2887, 8
2888, 5
2889, 5
2890, 3
2891, 4
2892, 3
2893, 3
2894, 4
2895, 3
2896, 5
2897, 3
2898, 7
2899, 3
2900, 3
2901, 6
2902, 3
2903, 5
2904, 4
2905, 3
2906, 3
2907, 3
2908, 5
2909, 4
2910, 5
2911, 3
2912, 4
2913, 3
2914, 3
2915, 4
2916, 4
2917, 4
2918, 4
2919, 3
2920, 5
2921, 7
2922, 5
2923, 3
2924, 3
2925, 4
2926, 3
2927, 5
2928, 3
2929, 3
2930, 4
2931, 5
2932, 4
2933, 3
2934, 4
2935, 4
2936, 3
2937, 5
2938, 5
2939, 3
2940, 3
2941, 5
2942, 4
2943, 4
2944, 3
2945, 3
2946, 3
2947, 5
2948, 3
2949, 4
2950, 4
2951, 4
2952, 3
2953, 3
2954, 4
2955, 5
2956, 8
2957, 3
2958, 5
2959, 3
2960, 3
2961, 3
2962, 4
2963, 3
2964, 4
2965, 5
2966, 4
2967, 4
2968, 3
2969, 3
2970, 3
2971, 3
2972, 4
2973, 3
2974, 3
2975, 4
2976, 5
2977, 3
2978, 3
2979, 4
2980, 4
2981, 3
2982, 4
2983, 3
2984, 3
2985, 4
2986, 4
2987, 4
2988, 3
2989, 4
2990, 4
2991, 3
2992, 3
2993, 4
2994, 7
2995, 4
2996, 3
2997, 4
2998, 4
2999, 4
3000, 3
3001, 6
3002, 4
3003, 6
3004, 7
3005, 3
3006, 5
3007, 5
3008, 4
3009, 4
3010, 3
3011, 8
3012, 5
3013, 4
3014, 3
3015, 4
3016, 3
3017, 5
3018, 4
3019, 5
3020, 6
3021, 4
3022, 3
3023, 3
3024, 3
3025, 3
3026, 3
3027, 4
3028, 4
3029, 3
3030, 3
3031, 5
3032, 3
3033, 3
3034, 4
3035, 3
3036, 5
3037, 4
3038, 3
3039, 3
3040, 3
3041, 5
3042, 3
3043, 5
3044, 4
3045, 5
3046, 7
3047, 4
3048, 5
3049, 5
3050, 3
3051, 3
3052, 7
3053, 5
3054, 3
3055, 3
3056, 4
3057, 3
3058, 4
3059, 3
3060, 5
3061, 3
3062, 3
3063, 4
3064, 4
3065, 4
3066, 4
3067, 3
3068, 4
3069, 5
3070, 4
3071, 3
3072, 3
3073, 4
3074, 3
3075, 4
3076, 4
3077, 4
3078, 3
3079, 3
3080, 3
3081, 3
3082, 3
3083, 3
3084, 4
3085, 3
3086, 4
3087, 3
3088, 3
3089, 3
3090, 3
3091, 5
3092, 3
3093, 5
3094, 4
3095, 3
3096, 3
3097, 3
3098, 3
3099, 3
3100, 3
3101, 3
3102, 5
3103, 4
3104, 3
3105, 3
3106, 3
3107, 4
3108, 5
3109, 3
3110, 4
3111, 6
3112, 3
3113, 4
3114, 5
3115, 3
3116, 4
3117, 6
3118, 3
3119, 5
3120, 4
3121, 3
3122, 7
3123, 3
3124, 3
3125, 3
3126, 4
3127, 3
3128, 3
3129, 4
3130, 3
3131, 3
3132, 3
3133, 3
3134, 3
3135, 4
3136, 4
3137, 4
3138, 4
3139, 3
3140, 5
3141, 4
3142, 5
3143, 3
3144, 5
3145, 6
3146, 3
3147, 3
3148, 4
3149, 3
3150, 4
3151, 4
3152, 3
3153, 4
3154, 4
3155, 3
3156, 5
3157, 3
3158, 3
3159, 4
3160, 4
3161, 3
3162, 4
3163, 4
3164, 5
3165, 3
3166, 3
3167, 4
3168, 5
3169, 5
3170, 3
3171, 3
3172, 4
3173, 3
3174, 8
3175, 3
3176, 5
3177, 4
3178, 4
3179, 6
3180, 4
3181, 4
3182, 5
3183, 3
3184, 3
3185, 4
3186, 4
3187, 3
3188, 3
3189, 3
3190, 5
3191, 3
3192, 4
3193, 3
3194, 3
3195, 4
3196, 4
3197, 3
3198, 3
3199, 3
3200, 3
3201, 3
3202, 3
3203, 4
3204, 3
3205, 3
3206, 4
3207, 3
3208, 3
3209, 5
3210, 4
3211, 4
3212, 4
3213, 3
3214, 3
3215, 3
3216, 3
3217, 5
3218, 3
3219, 3
3220, 4
3221, 3
3222, 6
3223, 3
3224, 3
3225, 3
3226, 3
3227, 3
3228, 3
3229, 3
3230, 4
3231, 3
3232, 4
3233, 6
3234, 3
3235, 3
3236, 5
3237, 3
3238, 3
3239, 3
3240, 3
3241, 3
3242, 4
3243, 6
3244, 6
3245, 5
3246, 3
3247, 4
3248, 3
3249, 3
3250, 3
3251, 5
3252, 3
3253, 3
3254, 3
3255, 3
3256, 4
3257, 3
3258, 6
3259, 3
3260, 3
3261, 3
3262, 3
3263, 4
3264, 3
3265, 5
3266, 3
3267, 3
3268, 4
3269, 4
3270, 4
3271, 4
3272, 4
3273, 3
3274, 3
3275, 5
3276, 3
3277, 4
3278, 3
3279, 4
3280, 3
3281, 5
3282, 3
3283, 7
3284, 3
3285, 4
3286, 3
3287, 5
3288, 4
3289, 3
3290, 4
3291, 3
3292, 3
3293, 3
3294, 3
3295, 3
3296, 3
3297, 3
3298, 4
3299, 3
3300, 3
3301, 4
3302, 3
3303, 3
3304, 5
3305, 4
3306, 5
3307, 3
3308, 3
3309, 3
3310, 4
3311, 3
3312, 3
3313, 3
3314, 3
3315, 3
3316, 6
3317, 4
3318, 3
3319, 3
3320, 3
3321, 5
3322, 5
3323, 4
3324, 5
3325, 3
3326, 5
3327, 4
3328, 3
3329, 5
3330, 4
3331, 3
3332, 3
3333, 4
3334, 3
3335, 3
3336, 3
3337, 3
3338, 4
3339, 4
3340, 3
3341, 4
3342, 5
3343, 3
3344, 3
3345, 3
3346, 4
3347, 4
3348, 8
3349, 3
3350, 3
3351, 3
3352, 3
3353, 4
3354, 4
3355, 3
3356, 4
3357, 6
3358, 4
3359, 3
3360, 4
3361, 3
3362, 4
3363, 5
3364, 3
3365, 3
3366, 4
3367, 3
3368, 3
3369, 3
3370, 4
3371, 3
3372, 4
3373, 4
3374, 3
3375, 3
3376, 3
3377, 3
3378, 3
3379, 3
3380, 3
3381, 3
3382, 3
3383, 3
3384, 7
3385, 5
3386, 3
3387, 5
3388, 4
3389, 3
3390, 6
3391, 3
3392, 4
3393, 4
3394, 3
3395, 5
3396, 4
3397, 4
3398, 3
3399, 3
3400, 3
3401, 3
3402, 3
3403, 3
3404, 3
3405, 5
3406, 5
3407, 3
3408, 4
3409, 3
3410, 4
3411, 3
3412, 5
3413, 4
3414, 4
3415, 3
3416, 3
3417, 4
3418, 3
3419, 3
3420, 4
3421, 3
3422, 3
3423, 3
3424, 3
3425, 6
3426, 3
3427, 3
3428, 4
3429, 3
3430, 3
3431, 4
3432, 3
3433, 3
3434, 3
3435, 3
3436, 3
3437, 4
3438, 3
3439, 3
3440, 3
3441, 3
3442, 3
3443, 4
3444, 3
3445, 4
3446, 3
3447, 4
3448, 3
3449, 5
3450, 4
3451, 3
3452, 4
3453, 5
3454, 3
3455, 5
3456, 4
3457, 3
3458, 3
3459, 4
3460, 4
3461, 5
3462, 3
3463, 3
3464, 3
3465, 3
3466, 5
3467, 3
3468, 3
3469, 3
3470, 3
3471, 4
3472, 3
3473, 3
3474, 4
3475, 4
3476, 3
3477, 6
3478, 3
3479, 3
3480, 3
3481, 4
3482, 4
3483, 5
3484, 4
3485, 3
3486, 3
3487, 3
3488, 4
3489, 3
3490, 3
3491, 6
3492, 3
3493, 3
3494, 3
3495, 3
3496, 3
3497, 3
3498, 4
3499, 4
3500, 5
3501, 3
3502, 3
3503, 4
3504, 3
3505, 3
3506, 4
3507, 5
3508, 3
3509, 3
3510, 4
3511, 3
3512, 6
3513, 3
3514, 4
3515, 4
3516, 3
3517, 6
3518, 3
3519, 3
3520, 3
3521, 3
3522, 3
3523, 4
3524, 4
3525, 3
3526, 3
3527, 6
3528, 4
3529, 4
3530, 3
3531, 4
3532, 4
3533, 5
3534, 4
3535, 3
3536, 3
3537, 4
3538, 5
3539, 3
3540, 3
3541, 3
3542, 3
3543, 4
3544, 3
3545, 4
3546, 3
3547, 4
3548, 3
3549, 3
3550, 3
3551, 5
3552, 3
3553, 3
3554, 3
3555, 4
3556, 3
3557, 3
3558, 3
3559, 3
3560, 3
3561, 5
3562, 3
3563, 4
3564, 5
3565, 5
3566, 3
3567, 4
3568, 3
3569, 3
3570, 4
3571, 4
3572, 5
3573, 3
3574, 3
3575, 4
3576, 3
3577, 4
3578, 3
3579, 3
3580, 4
3581, 5
3582, 3
3583, 3
3584, 3
3585, 3
3586, 3
3587, 3
3588, 3
3589, 3
3590, 4
3591, 4
3592, 4
3593, 3
3594, 3
3595, 3
3596, 3
3597, 3
3598, 4
3599, 3
3600, 3
3601, 3
3602, 3
3603, 3
3604, 5
3605, 4
3606, 3
3607, 4
3608, 4
3609, 4
3610, 3
3611, 3
3612, 3
3613, 3
3614, 3
3615, 3
3616, 3
3617, 4
3618, 3
3619, 3
3620, 3
3621, 4
3622, 3
3623, 4
3624, 4
3625, 3
3626, 3
3627, 3
3628, 3
3629, 3
3630, 3
3631, 3
3632, 3
3633, 5
3634, 4
3635, 4
3636, 3
3637, 4
3638, 3
3639, 3
3640, 3
3641, 3
3642, 4
3643, 3
3644, 3
3645, 4
3646, 4
3647, 3
3648, 4
3649, 3
3650, 4
3651, 3
3652, 3
3653, 4
3654, 4
3655, 4
3656, 4
3657, 3
3658, 4
3659, 5
3660, 3
3661, 3
3662, 3
3663, 4
3664, 3
3665, 5
3666, 3
3667, 3
3668, 3
3669, 4
3670, 3
3671, 4
3672, 3
3673, 3
3674, 3
3675, 4
3676, 3
3677, 3
3678, 3
3679, 3
3680, 3
3681, 3
3682, 4
3683, 6
3684, 4
3685, 3
3686, 4
3687, 3
3688, 4
3689, 3
3690, 4
3691, 3
3692, 4
3693, 4
3694, 3
3695, 3
3696, 3
3697, 4
3698, 4
3699, 4
3700, 3
3701, 4
3702, 3
3703, 3
3704, 4
3705, 3
3706, 4
3707, 3
3708, 3
3709, 3
3710, 4
3711, 3
3712, 3
3713, 7
3714, 4
3715, 5
3716, 5
3717, 3
3718, 6
3719, 3
3720, 3
3721, 3
3722, 3
3723, 4
3724, 5
3725, 4
3726, 3
3727, 3
3728, 3
3729, 4
3730, 3
3731, 4
3732, 3
3733, 4
3734, 3
3735, 3
3736, 3
3737, 3
3738, 3
3739, 3
3740, 3
3741, 3
3742, 4
3743, 3
3744, 4
3745, 3
3746, 4
3747, 4
3748, 4
3749, 3
3750, 3
3751, 3
3752, 4
3753, 4
3754, 3
3755, 3
3756, 4
3757, 3
3758, 3
3759, 3
3760, 3
3761, 3
3762, 3
3763, 3
3764, 4
3765, 4
3766, 3
3767, 3
3768, 4
3769, 3
3770, 3
3771, 3
3772, 3
3773, 4
3774, 3
3775, 3
3776, 3
3777, 3
3778, 3
3779, 3
3780, 3
3781, 4
3782, 4
3783, 3
3784, 4
3785, 3
3786, 3
3787, 6
3788, 3
3789, 3
3790, 3
3791, 3
3792, 3
3793, 4
3794, 3
3795, 3
3796, 3
3797, 5
3798, 3
3799, 6
3800, 3
3801, 3
3802, 3
3803, 4
3804, 3
3805, 4
3806, 4
3807, 3
3808, 3
3809, 3
3810, 3
3811, 3
3812, 4
3813, 4
3814, 4
3815, 5
3816, 3
3817, 3
3818, 3
3819, 4
3820, 3
3821, 3
3822, 4
3823, 5
3824, 4
3825, 3
3826, 3
3827, 3
3828, 3
3829, 5
3830, 3
3831, 3
3832, 3
3833, 4
3834, 3
3835, 3
3836, 4
3837, 3
3838, 4
3839, 4
3840, 3
3841, 3
3842, 3
3843, 5
3844, 3
3845, 3
3846, 3
3847, 3
3848, 3
3849, 4
3850, 3
3851, 3
3852, 3
3853, 4
3854, 4
3855, 4
3856, 3
3857, 3
3858, 5
3859, 5
3860, 3
3861, 4
3862, 4
3863, 3
3864, 7
3865, 3
3866, 3
3867, 5
3868, 3
3869, 3
3870, 4
3871, 3
3872, 3
3873, 3
3874, 4
3875, 3
3876, 3
3877, 3
3878, 4
3879, 4
3880, 3
3881, 5
3882, 3
3883, 3
3884, 3
3885, 3
3886, 4
3887, 3
3888, 3
3889, 3
3890, 3
3891, 4
3892, 4
3893, 3
3894, 3
3895, 3
3896, 3
3897, 4
3898, 4
3899, 4
3900, 3
3901, 3
3902, 3
3903, 3
3904, 3
3905, 3
3906, 3
3907, 3
3908, 3
3909, 3
3910, 3
3911, 4
3912, 3
3913, 3
3914, 3
3915, 3
3916, 3
3917, 3
3918, 3
3919, 4
3920, 3
3921, 3
3922, 5
3923, 3
3924, 3
3925, 3
3926, 3
3927, 3
3928, 3
3929, 3
3930, 3
3931, 3
3932, 4
3933, 3
3934, 3
3935, 4
3936, 3
3937, 4
3938, 3
3939, 4
3940, 3
3941, 4
3942, 3
3943, 3
3944, 4
3945, 3
3946, 4
3947, 3
3948, 3
3949, 4
3950, 5
3951, 4
3952, 3
3953, 5
3954, 3
3955, 3
3956, 3
3957, 3
3958, 3
3959, 3
3960, 3
3961, 3
3962, 3
3963, 3
3964, 4
3965, 3
3966, 3
3967, 3
3968, 4
3969, 3
3970, 4
3971, 3
3972, 3
3973, 3
3974, 3
3975, 3
3976, 3
3977, 3
3978, 3
3979, 3
3980, 3
3981, 3
3982, 3
3983, 5
3984, 3
3985, 4
3986, 3
3987, 3
3988, 3
3989, 3
3990, 4
3991, 3
3992, 3
3993, 3
3994, 3
3995, 3
3996, 3
3997, 3
3998, 3
3999, 4
4000, 3
4001, 4
4002, 4
4003, 3
4004, 3
4005, 3
4006, 3
4007, 3
4008, 4
4009, 3
4010, 3
4011, 3
4012, 4
4013, 3
4014, 3
4015, 3
4016, 3
4017, 4
4018, 4
4019, 3
4020, 3
4021, 3
4022, 3
4023, 3
4024, 4
4025, 4
4026, 3
4027, 3
4028, 3
4029, 3
4030, 3
4031, 3
4032, 3
4033, 4
4034, 4
4035, 3
4036, 3
4037, 3
4038, 3
4039, 3
4040, 3
4041, 4
4042, 3
4043, 3
4044, 5
4045, 3
4046, 3
4047, 3
4048, 4
4049, 3
4050, 4
4051, 4
4052, 3
4053, 3
4054, 3
4055, 3
4056, 3
4057, 5
4058, 4
4059, 3
4060, 3
4061, 3
4062, 5
4063, 4
4064, 3
4065, 4
4066, 3
4067, 3
4068, 4
4069, 3
4070, 3
4071, 3
4072, 3
4073, 3
4074, 4
4075, 3
4076, 3
4077, 3
4078, 3
4079, 5
4080, 3
4081, 3
4082, 3
4083, 3
4084, 4
4085, 3
4086, 3
4087, 3
4088, 3
4089, 4
4090, 3
4091, 3
4092, 3
4093, 5
4094, 3
4095, 3
4096, 4
4097, 4
4098, 3
4099, 3
4100, 4
4101, 3
4102, 3
4103, 3
4104, 3
4105, 3
4106, 3
4107, 3
4108, 3
4109, 3
4110, 4
4111, 3
4112, 3
4113, 6
4114, 3
4115, 3
4116, 3
4117, 3
4118, 5
4119, 3
4120, 3
4121, 3
4122, 5
4123, 3
4124, 4
4125, 5
4126, 3
4127, 3
4128, 3
4129, 3
4130, 3
4131, 4
4132, 3
4133, 3
4134, 3
4135, 3
4136, 3
4137, 5
4138, 4
4139, 4
4140, 3
4141, 3
4142, 3
4143, 3
4144, 4
4145, 3
4146, 3
4147, 3
4148, 3
4149, 3
4150, 4
4151, 3
4152, 5
4153, 3
4154, 3
4155, 3
4156, 4
4157, 3
4158, 3
4159, 3
4160, 3
4161, 4
4162, 3
4163, 3
4164, 4
4165, 3
4166, 3
4167, 3
4168, 3
4169, 3
4170, 4
4171, 3
4172, 4
4173, 3
4174, 4
4175, 3
4176, 3
4177, 3
4178, 3
4179, 3
4180, 3
4181, 3
4182, 4
4183, 3
4184, 3
4185, 3
4186, 3
4187, 3
4188, 3
4189, 3
4190, 3
4191, 3
4192, 3
4193, 3
4194, 3
4195, 3
4196, 3
4197, 4
4198, 4
4199, 6
4200, 3
4201, 3
4202, 3
4203, 3
4204, 4
4205, 4
4206, 3
4207, 3
4208, 3
4209, 3
4210, 3
4211, 3
4212, 3
4213, 3
4214, 3
4215, 3
4216, 3
4217, 3
4218, 4
4219, 3
4220, 5
4221, 3
4222, 3
4223, 4
4224, 4
4225, 3
4226, 3
4227, 4
4228, 3
4229, 3
4230, 3
4231, 3
4232, 3
4233, 3
4234, 3
4235, 5
4236, 3
4237, 3
4238, 3
4239, 3
4240, 3
4241, 3
4242, 3
4243, 3
4244, 3
4245, 3
4246, 3
4247, 3
4248, 3
4249, 3
4250, 3
4251, 3
4252, 4
4253, 3
4254, 3
4255, 3
4256, 4
4257, 3
4258, 3
4259, 4
4260, 3
4261, 4
4262, 3
4263, 3
4264, 3
4265, 4
4266, 3
4267, 3
4268, 3
4269, 3
4270, 4
4271, 3
4272, 4
4273, 3
4274, 3
4275, 3
4276, 3
4277, 3
4278, 3
4279, 3
4280, 4
4281, 3
4282, 3
4283, 3
4284, 3
4285, 3
4286, 3
4287, 3
4288, 3
4289, 3
4290, 3
4291, 3
4292, 3
4293, 3
4294, 3
4295, 3
4296, 3
4297, 3
4298, 3
4299, 3
4300, 3
4301, 4
4302, 3
4303, 3
4304, 3
4305, 3
4306, 3
4307, 3
4308, 4
4309, 3
4310, 3
4311, 3
4312, 4
4313, 3
4314, 3
4315, 4
4316, 3
4317, 4
4318, 3
4319, 3
4320, 3
4321, 4
4322, 4
4323, 3
4324, 3
4325, 3
4326, 3
4327, 3
4328, 3
4329, 3
4330, 3
4331, 3
4332, 3
4333, 3
4334, 3
4335, 3
4336, 3
4337, 3
4338, 4
4339, 4
4340, 3
4341, 3
4342, 3
4343, 3
4344, 3
4345, 4
4346, 3
4347, 3
4348, 4
4349, 3
4350, 3
4351, 3
4352, 5
4353, 3
4354, 3
4355, 4
4356, 3
4357, 3
4358, 4
4359, 3
4360, 3
4361, 3
4362, 3
4363, 3
4364, 3
4365, 3
4366, 4
4367, 3
4368, 3
4369, 3
4370, 3
4371, 3
4372, 3
4373, 3
4374, 4
4375, 4
4376, 3
4377, 4
4378, 3
4379, 3
4380, 3
4381, 5
4382, 3
4383, 3
4384, 3
4385, 3
4386, 3
4387, 4
4388, 3
4389, 3
4390, 3
4391, 3
4392, 3
4393, 3
4394, 3
4395, 3
4396, 4
4397, 3
4398, 3
4399, 3
4400, 3
4401, 3
4402, 3
4403, 3
4404, 4
4405, 4
4406, 3
4407, 3
4408, 3
4409, 3
4410, 3
4411, 3
4412, 3
4413, 3
4414, 3
4415, 3
4416, 3
4417, 3
4418, 3
4419, 3
4420, 3
4421, 3
4422, 3
4423, 3
4424, 4
4425, 3
4426, 3
4427, 3
4428, 3
4429, 3
4430, 3
4431, 3
4432, 3
4433, 3
4434, 3
4435, 3
4436, 3
4437, 3
4438, 3
4439, 5
4440, 3
4441, 4
4442, 3
4443, 4
4444, 3
4445, 3
4446, 3
4447, 3
4448, 3
4449, 3
4450, 3
4451, 3
4452, 3
4453, 4
4454, 3
4455, 4
4456, 3
4457, 3
4458, 3
4459, 3
4460, 3
4461, 3
4462, 3
4463, 3
4464, 3
4465, 3
4466, 3
4467, 3
4468, 3
4469, 3
4470, 4
4471, 3
4472, 3
4473, 3
4474, 3
4475, 3
4476, 3
4477, 3
4478, 3
4479, 3
4480, 3
4481, 3
4482, 3
4483, 3
4484, 3
4485, 3
4486, 4
4487, 3
4488, 3
4489, 3
4490, 3
4491, 3
4492, 3
4493, 3
4494, 3
4495, 3
4496, 3
4497, 3
4498, 3
4499, 3
4500, 3
4501, 3
4502, 3
4503, 3
4504, 3
4505, 3
4506, 3
4507, 3
4508, 3
4509, 3
4510, 3
4511, 3
4512, 3
4513, 3
4514, 3
4515, 3
4516, 4
4517, 3
4518, 3
4519, 3
4520, 3
4521, 3
4522, 3
4523, 3
4524, 3
4525, 3
4526, 3
4527, 3
4528, 3
4529, 3
4530, 3
4531, 3
4532, 3
4533, 3
4534, 3
4535, 3
4536, 4
4537, 3
4538, 4
4539, 3
4540, 3
4541, 3
4542, 3
4543, 3
4544, 3
4545, 4
4546, 3
4547, 3
4548, 4
4549, 3
4550, 3
4551, 3
4552, 4
4553, 3
4554, 3
4555, 3
4556, 4
4557, 3
4558, 3
4559, 3
4560, 3
4561, 3
4562, 3
4563, 3
4564, 3
4565, 3
4566, 3
4567, 3
4568, 3
4569, 3
4570, 3
4571, 4
4572, 3
4573, 3
4574, 3
4575, 3
4576, 3
4577, 3
4578, 3
4579, 3
4580, 4
4581, 3
4582, 3
4583, 3
4584, 3
4585, 5
4586, 3
4587, 3
4588, 4
4589, 3
4590, 3
4591, 3
4592, 3
4593, 3
4594, 3
4595, 3
4596, 3
4597, 3
4598, 4
4599, 3
4600, 3
4601, 3
4602, 4
4603, 3
4604, 3
4605, 3
4606, 3
4607, 3
4608, 3
4609, 3
4610, 3
4611, 4
4612, 3
4613, 3
4614, 3
4615, 4
4616, 3
4617, 3
4618, 3
4619, 3
4620, 3
4621, 4
4622, 3
4623, 3
4624, 3
4625, 3
4626, 3
4627, 3
4628, 3
4629, 3
4630, 4
4631, 3
4632, 3
4633, 5
4634, 3
4635, 3
4636, 3
4637, 3
4638, 3
4639, 3
4640, 3
4641, 4
4642, 3
4643, 3
4644, 3
4645, 3
4646, 3
4647, 3
4648, 3
4649, 3
4650, 3
4651, 3
4652, 3
4653, 3
4654, 3
4655, 3
4656, 3
4657, 3
4658, 3
4659, 3
4660, 3
4661, 3
4662, 3
4663, 4
4664, 3
4665, 3
4666, 3
4667, 3
4668, 4
4669, 3
4670, 3
4671, 4
4672, 3
4673, 3
4674, 3
4675, 3
4676, 3
4677, 3
4678, 3
4679, 3
4680, 3
4681, 3
4682, 3
4683, 3
4684, 3
4685, 3
4686, 3
4687, 3
4688, 3
4689, 3
4690, 3
4691, 3
4692, 3
4693, 3
4694, 3
4695, 3
4696, 3
4697, 3
4698, 3
4699, 3
4700, 3
4701, 3
4702, 3
4703, 3
4704, 3
4705, 3
4706, 3
4707, 4
4708, 3
4709, 3
4710, 3
4711, 3
4712, 3
4713, 3
4714, 3
4715, 3
4716, 3
4717, 3
4718, 4
4719, 3
4720, 3
4721, 3
4722, 3
4723, 3
4724, 3
4725, 3
4726, 3
4727, 3
4728, 3
4729, 4
4730, 3
4731, 3
4732, 3
4733, 3
4734, 3
4735, 3
4736, 3
4737, 3
4738, 3
4739, 3
4740, 3
4741, 3
4742, 4
4743, 3
4744, 3
4745, 3
4746, 3
4747, 3
4748, 3
4749, 3
4750, 3
4751, 3
4752, 4
4753, 3
4754, 3
4755, 3
4756, 3
4757, 3
4758, 3
4759, 3
4760, 3
4761, 3
4762, 3
4763, 3
4764, 3
4765, 3
4766, 3
4767, 3
4768, 3
4769, 3
4770, 3
4771, 4
4772, 3
4773, 3
4774, 3
4775, 3
4776, 3
4777, 3
4778, 3
4779, 3
4780, 3
4781, 3
4782, 3
4783, 3
4784, 3
4785, 3
4786, 4
4787, 4
4788, 3
4789, 3
4790, 3
4791, 3
4792, 3
4793, 3
4794, 3
4795, 3
4796, 3
4797, 3
4798, 3
4799, 3
4800, 3
4801, 3
4802, 3
4803, 3
4804, 3
4805, 4
4806, 3
4807, 3
4808, 3
4809, 3
4810, 3
4811, 3
4812, 3
4813, 3
4814, 4
4815, 3
4816, 3
4817, 3
4818, 3
4819, 3
4820, 3
4821, 3
4822, 3
4823, 3
4824, 3
4825, 3
4826, 3
4827, 3
4828, 4
4829, 3
4830, 3
4831, 3
4832, 3
4833, 3
4834, 3
4835, 3
4836, 3
4837, 3
4838, 3
4839, 3
4840, 3
4841, 3
4842, 3
4843, 3
4844, 4
4845, 3
4846, 3
4847, 3
4848, 3
4849, 3
4850, 3
4851, 3
4852, 3
4853, 3
4854, 3
4855, 3
4856, 3
4857, 3
4858, 3
4859, 3
4860, 3
4861, 3
4862, 3
4863, 3
4864, 3
4865, 3
4866, 3
4867, 3
4868, 3
4869, 3
4870, 3
4871, 3
4872, 3
4873, 3
4874, 3
4875, 3
4876, 3
4877, 3
4878, 3
4879, 3
4880, 3
4881, 3
4882, 4
4883, 3
4884, 3
4885, 3
4886, 3
4887, 3
4888, 3
4889, 3
4890, 3
4891, 3
4892, 3
4893, 3
4894, 3
4895, 3
4896, 3
4897, 3
4898, 3
4899, 3
4900, 3
4901, 3
4902, 3
4903, 3
4904, 3
4905, 3
4906, 3
4907, 3
4908, 3
4909, 3
4910, 3
4911, 3
4912, 3
4913, 3
4914, 3
4915, 3
4916, 3
4917, 3
4918, 3
4919, 3
4920, 3
4921, 3
4922, 3
4923, 3
4924, 4
4925, 3
4926, 3
4927, 3
4928, 3
4929, 3
4930, 3
4931, 3
4932, 3
4933, 3
4934, 3
4935, 3
4936, 3
4937, 3
4938, 3
4939, 3
4940, 3
4941, 3
4942, 3
4943, 3
4944, 3
4945, 3
4946, 3
4947, 3
4948, 3
4949, 3
4950, 3
4951, 3
4952, 3
4953, 3
4954, 3
4955, 3
4956, 3
4957, 3
4958, 3
4959, 3
4960, 3
4961, 3
4962, 3
4963, 3
4964, 3
4965, 3
4966, 3
4967, 3
4968, 3
4969, 3
4970, 3
4971, 3
4972, 3
4973, 3
4974, 3
4975, 3
4976, 3
4977, 3
4978, 3
4979, 3
4980, 3
4981, 3
4982, 3
4983, 3
4984, 3
4985, 3
4986, 3
4987, 3
4988, 3
4989, 3
4990, 3
4991, 3
4992, 3
4993, 3
4994, 3
4995, 3
4996, 3
4997, 3
4998, 3
4999, 3
